decision_year,set_conversion_technologies,output_carrier,input_carrier,reference_carrier,set_nodes,revenue,capex,fixed_opex,variable_opex,input_carrier_cost,tech_co2_cost,carrier_co2_cost,capex_subsidy,capex_subsidy_annual,fixed_opex_subsidy,fixed_opex_subsidy_annual,variable_opex_subsidy,variable_opex_subsidy_annual,remuneration_subsidy,remuneration_subsidy_annual,profitability_raw,profitability,values_changed
0,heat_pump,heat,electricity,heat,CH,2157.7766466740236,930.1261448256168,258.3244533693291,0.0,1323.7471623463412,0.0,0.0,0.0,0.0,0.0,0.0,0.0,0.0,0.0,0.0,-354.42111386726356,-354.42111386726356,False
0,heat_pump,heat,electricity,heat,DE,2079.7655879573012,930.1261448256168,258.3244533693291,0.0,1072.3809181625652,0.0,0.0,0.0,0.0,0.0,0.0,0.0,0.0,0.0,0.0,-181.06592840020994,-181.06592840020994,False
0,heat_pump,heat,electricity,heat,IT,1381.216687923296,930.1261448256168,258.3244533693291,0.0,783.0699607924035,0.0,0.0,0.0,0.0,0.0,0.0,0.0,0.0,0.0,0.0,-590.3038710640535,-590.3038710640535,False
0,natural_gas_boiler,heat,natural_gas,heat,CH,2289.1559373036466,487.186345248536,233.64857560184709,0.0,1595.520191191621,0.0,790.9592324692836,0.0,0.0,0.0,0.0,0.0,0.0,0.0,0.0,-818.1584072076411,-818.1584072076411,False
0,natural_gas_boiler,heat,natural_gas,heat,DE,2206.395058683295,487.186345248536,233.64857560184709,0.0,1512.7593140156607,0.0,749.9315599557144,0.0,0.0,0.0,0.0,262.47602370489346,19.497245773636518,0.0,0.0,-777.1307361384634,-514.6547124335699,False
0,natural_gas_boiler,heat,natural_gas,heat,IT,1305.6847943857754,487.186345248536,233.64857560184709,0.0,1305.684794368544,0.0,647.2769498620574,0.0,0.0,0.0,0.0,0.0,0.0,0.0,0.0,-1368.1118706952093,-1368.1118706952093,False
0,natural_gas_turbine,electricity,natural_gas,electricity,CH,5765.06055865687,786.1179105736469,354.4608670187581,168.5443049842113,4509.926675213695,0.0,2235.739892987982,0.0,0.0,0.0,0.0,0.0,0.0,0.0,0.0,-2289.7290921214235,-2289.7290921214235,False
0,natural_gas_turbine,electricity,natural_gas,electricity,DE,5193.428129831808,786.1179105736469,354.4608670187581,147.89949709759037,3957.5106810917114,0.0,1961.8865546653662,0.0,0.0,0.0,0.0,0.0,0.0,0.0,0.0,-2014.4473806152653,-2014.4473806152653,False
0,natural_gas_turbine,electricity,natural_gas,electricity,IT,2360.6157301456856,786.1179105736469,354.4608670187581,85.2548871512293,2281.2594575192347,0.0,1130.9059199244223,0.0,0.0,0.0,0.0,0.0,0.0,0.0,0.0,-2277.3833120416057,-2277.3833120416057,False
0,photovoltaics,electricity,,electricity,CH,622.6813762186367,543.5962549146192,187.43991896488768,0.4327874584786263,0.0,0.0,0.0,0.0,0.0,0.0,0.0,0.0,0.0,0.0,0.0,-108.78758511934876,-108.78758511934876,False
0,photovoltaics,electricity,,electricity,DE,458.5613806699336,543.5962549146192,187.43991896488768,0.3633233292659368,0.0,0.0,0.0,0.0,0.0,0.0,0.0,0.0,0.0,0.0,0.0,-272.8381165388392,-272.8381165388392,False
0,photovoltaics,electricity,,electricity,IT,706.2334636021353,543.5962549146192,187.43991896488768,0.5123689157496363,0.0,0.0,0.0,0.0,0.0,0.0,0.0,0.0,0.0,0.0,0.0,-25.315079193121182,-25.315079193121182,False
0,reservoir_hydro,electricity,,electricity,CH,2419.5567796601044,2527.3444444852207,745.8579801256698,59.27989054285246,0.0,0.0,0.0,0.0,0.0,0.0,0.0,0.0,0.0,0.0,0.0,-912.9255354936386,-912.9255354936386,False
0,reservoir_hydro,electricity,,electricity,DE,7803.964711324166,2527.3444444852207,745.8579801256698,149.60904886820276,0.0,0.0,0.0,0.0,0.0,0.0,0.0,0.0,0.0,0.0,0.0,4381.153237845072,4381.153237845072,False
0,reservoir_hydro,electricity,,electricity,IT,3801.3619338881886,2527.3444444852207,745.8579801256698,96.53667482943939,0.0,0.0,0.0,0.0,0.0,0.0,0.0,0.0,0.0,0.0,0.0,431.6228344478587,431.6228344478587,False
0,run-of-river_hydro,electricity,,electricity,CH,2675.309785269397,2921.9083130985696,708.155058153122,66.53430271751574,0.0,0.0,0.0,0.0,0.0,0.0,0.0,0.0,0.0,0.0,0.0,-1021.2878886998105,-1021.2878886998105,False
0,run-of-river_hydro,electricity,,electricity,DE,7144.552966190331,2921.9083130985696,708.155058153122,168.85177661720945,0.0,0.0,0.0,0.0,0.0,0.0,0.0,0.0,0.0,0.0,0.0,3345.6378183214306,3345.6378183214306,False
0,run-of-river_hydro,electricity,,electricity,IT,4118.957434954981,2921.9083130985696,708.155058153122,113.5518271250871,0.0,0.0,0.0,0.0,0.0,0.0,0.0,0.0,0.0,0.0,0.0,375.34223657820246,375.34223657820246,False
0,wind_offshore,electricity,,electricity,CH,,,,,,,,0.0,0.0,0.0,0.0,0.0,0.0,0.0,0.0,-917.2368786221739,-917.2368786221739,True
0,wind_offshore,electricity,,electricity,DE,2264.6732794007557,2397.264888566216,738.3090146155499,46.33625484116357,0.0,0.0,0.0,0.0,0.0,0.0,0.0,0.0,0.0,0.0,0.0,-917.2368786221739,-917.2368786221739,False
0,wind_offshore,electricity,,electricity,IT,,,,,,,,0.0,0.0,0.0,0.0,0.0,0.0,0.0,0.0,-917.2368786221739,-917.2368786221739,True
0,wind_onshore,electricity,,electricity,CH,554.5004784818825,1133.4278986084237,303.2986148501366,5.7858691306416885,0.0,0.0,0.0,0.0,0.0,0.0,0.0,0.0,0.0,0.0,0.0,-888.0119041073194,-888.0119041073194,False
0,wind_onshore,electricity,,electricity,DE,1346.9701220556612,1133.4278986084237,303.2986148501366,16.896608292554607,0.0,0.0,0.0,0.0,0.0,0.0,0.0,0.0,0.0,0.0,0.0,-106.6529996954536,-106.6529996954536,False
0,wind_onshore,electricity,,electricity,IT,1124.7885694817662,1133.4278986084237,303.2986148501366,11.91543905715776,0.0,0.0,0.0,0.0,0.0,0.0,0.0,0.0,0.0,0.0,0.0,-323.8533830339518,-323.8533830339518,False
1,heat_pump,heat,electricity,heat,CH,3325.0699357256563,880.3275418793847,222.9548053531022,0.0,2342.4211174398615,0.0,0.0,0.0,0.0,0.0,0.0,0.0,0.0,0.0,0.0,-120.63352894669197,-120.63352894669197,False
1,heat_pump,heat,electricity,heat,DE,2716.5622347927397,880.3275418793847,222.9548053531022,0.0,2101.132610786768,0.0,0.0,0.0,0.0,0.0,0.0,0.0,0.0,0.0,0.0,-487.8527232265151,-487.8527232265151,False
1,heat_pump,heat,electricity,heat,IT,2757.7976674303927,880.3275418793847,222.9548053531022,0.0,627.5009969623644,0.0,0.0,0.0,0.0,0.0,0.0,0.0,0.0,0.0,0.0,1027.0143232355417,1027.0143232355417,False
1,natural_gas_boiler,heat,natural_gas,heat,CH,3527.5215571238678,485.5230536778413,233.06669478667573,0.0,1273.9509684038999,0.0,790.959230860847,0.0,0.0,0.0,0.0,0.0,0.0,0.0,0.0,744.0216093946038,744.0216093946038,False
1,natural_gas_boiler,heat,natural_gas,heat,DE,2881.964001800592,485.5230536778413,233.06669478667573,0.0,1207.8701399582378,0.0,749.9315598072241,0.0,0.0,0.0,0.0,262.4760236529218,19.497245769775958,0.0,0.0,205.5725535706132,468.048577223535,False
1,natural_gas_boiler,heat,natural_gas,heat,IT,2925.7100760500143,485.5230536778413,233.06669478667573,0.0,1169.98721024397,0.0,726.4111467861054,0.0,0.0,0.0,0.0,0.0,0.0,0.0,0.0,310.721970555422,310.721970555422,False
1,natural_gas_turbine,electricity,natural_gas,electricity,CH,8999.391989891677,777.3940298212262,351.3951893748322,166.60217348405052,3596.154084280945,0.0,2232.747836508227,0.0,0.0,0.0,0.0,0.0,0.0,0.0,0.0,1875.0986764223971,1875.0986764223971,False
1,natural_gas_turbine,electricity,natural_gas,electricity,DE,8773.239333498166,777.3940298212262,351.3951893748322,150.32915271553074,3244.89642138729,0.0,2014.662134776104,0.0,0.0,0.0,0.0,0.0,0.0,0.0,0.0,2234.562405423182,2234.562405423182,False
1,natural_gas_turbine,electricity,natural_gas,electricity,IT,2402.9681416373455,777.3940298212262,351.3951893748322,106.7222699121548,2303.629771498979,0.0,1430.2569544593757,0.0,0.0,0.0,0.0,0.0,0.0,0.0,0.0,-2566.430073429223,-2566.430073429223,False
1,photovoltaics,electricity,,electricity,CH,702.9705747622,473.64211001826914,170.6799277535803,0.38428063857913725,0.0,0.0,0.0,0.0,0.0,0.0,0.0,0.0,0.0,0.0,0.0,58.26425635177147,58.26425635177147,False
1,photovoltaics,electricity,,electricity,DE,447.10436982563806,473.64211001826914,170.6799277535803,0.32307774532105876,0.0,0.0,0.0,0.0,0.0,0.0,0.0,0.0,0.0,0.0,0.0,-197.54074569153244,-197.54074569153244,False
1,photovoltaics,electricity,,electricity,IT,553.2759020867632,473.64211001826914,170.6799277535803,0.4556241940562847,0.0,0.0,0.0,0.0,0.0,0.0,0.0,0.0,0.0,0.0,0.0,-91.50175987914257,-91.50175987914257,False
1,reservoir_hydro,electricity,,electricity,CH,2422.634301531632,2527.239605167508,745.8325119419213,59.07024161241512,0.0,0.0,0.0,0.0,0.0,0.0,0.0,0.0,0.0,0.0,0.0,-909.5080571902126,-909.5080571902126,False
1,reservoir_hydro,electricity,,electricity,DE,7807.404723706116,2527.239605167508,745.8325119419213,149.12828771380302,0.0,0.0,0.0,0.0,0.0,0.0,0.0,0.0,0.0,0.0,0.0,4385.204318882883,4385.204318882883,False
1,reservoir_hydro,electricity,,electricity,IT,3026.077256597983,2527.239605167508,745.8325119419213,98.13277114536687,0.0,0.0,0.0,0.0,0.0,0.0,0.0,0.0,0.0,0.0,0.0,-345.1276316568136,-345.1276316568136,False
1,run-of-river_hydro,electricity,,electricity,CH,2719.768947259425,2916.174397744096,705.5909095383495,65.18488149793295,0.0,0.0,0.0,0.0,0.0,0.0,0.0,0.0,0.0,0.0,0.0,-967.1812415209532,-967.1812415209532,False
1,run-of-river_hydro,electricity,,electricity,DE,8009.868724687882,2916.174397744096,705.5909095383495,166.22598484235226,0.0,0.0,0.0,0.0,0.0,0.0,0.0,0.0,0.0,0.0,0.0,4221.877432563084,4221.877432563084,False
1,run-of-river_hydro,electricity,,electricity,IT,3265.162008816557,2916.174397744096,705.5909095383495,109.64953890269682,0.0,0.0,0.0,0.0,0.0,0.0,0.0,0.0,0.0,0.0,0.0,-466.25283736858546,-466.25283736858546,False
1,wind_offshore,electricity,,electricity,CH,,,,,,,,0.0,0.0,0.0,0.0,0.0,0.0,0.0,0.0,-313.7716282169507,-313.7716282169507,True
1,wind_offshore,electricity,,electricity,DE,2713.280316893404,2301.0465710163235,685.9342565997133,40.071117494317726,0.0,0.0,0.0,0.0,0.0,0.0,0.0,0.0,0.0,0.0,0.0,-313.7716282169507,-313.7716282169507,False
1,wind_offshore,electricity,,electricity,IT,,,,,,,,0.0,0.0,0.0,0.0,0.0,0.0,0.0,0.0,-313.7716282169507,-313.7716282169507,True
1,wind_onshore,electricity,,electricity,CH,577.786321006049,1106.9460774200136,297.81539298808656,5.6467125175978445,0.0,0.0,0.0,0.0,0.0,0.0,0.0,0.0,0.0,0.0,0.0,-832.621861919649,-832.621861919649,False
1,wind_onshore,electricity,,electricity,DE,1598.0582168704202,1106.9460774200136,297.81539298808656,16.249038333667706,0.0,0.0,0.0,0.0,0.0,0.0,0.0,0.0,0.0,0.0,0.0,177.04770812865237,177.04770812865237,False
1,wind_onshore,electricity,,electricity,IT,908.1400441888792,1106.9460774200136,297.81539298808656,11.743296166844857,0.0,0.0,0.0,0.0,0.0,0.0,0.0,0.0,0.0,0.0,0.0,-508.3647223860658,-508.3647223860658,False
2,heat_pump,heat,electricity,heat,CH,1166.0805651119674,833.536390569984,182.43363069203065,0.0,732.2150152754986,0.0,0.0,0.0,0.0,0.0,0.0,0.0,0.0,0.0,0.0,-582.1044714255457,-582.1044714255457,False
2,heat_pump,heat,electricity,heat,DE,1547.7305262082643,833.536390569984,182.43363069203065,0.0,616.0687120856345,0.0,0.0,0.0,0.0,0.0,0.0,0.0,0.0,0.0,0.0,-84.30820713938476,-84.30820713938476,False
2,heat_pump,heat,electricity,heat,IT,1674.6357851386708,833.536390569984,182.43363069203065,0.0,1203.4199626693567,0.0,0.0,0.0,0.0,0.0,0.0,0.0,0.0,0.0,0.0,-544.7541987927004,-544.7541987927004,False
2,natural_gas_boiler,heat,natural_gas,heat,CH,150.167315779649,483.8908307593391,232.7144366786029,0.0,150.16731556973028,0.0,89.69431466059635,0.0,0.0,0.0,0.0,0.0,0.0,0.0,0.0,-806.2995818886196,-806.2995818886196,False
2,natural_gas_boiler,heat,natural_gas,heat,DE,1641.966312036311,483.8908307593391,232.7144366786029,0.0,1255.5445625490931,0.0,749.9315588547469,0.0,0.0,0.0,0.0,262.4760233195548,19.49724574501279,0.0,0.0,-1080.1150768054708,-817.6390534859161,False
2,natural_gas_boiler,heat,natural_gas,heat,IT,1684.7899525308233,483.8908307593391,232.7144366786029,0.0,1078.077032291439,0.0,643.9309392370045,0.0,0.0,0.0,0.0,0.0,0.0,0.0,0.0,-753.8232864355622,-753.8232864355622,False
2,natural_gas_turbine,electricity,natural_gas,electricity,CH,2209.822550190524,767.6834346101658,347.8347142106523,67.96967359557065,1543.0711826522218,0.0,921.670016337991,0.0,0.0,0.0,0.0,0.0,0.0,0.0,0.0,-1438.4064712160775,-1438.4064712160775,False
2,natural_gas_turbine,electricity,natural_gas,electricity,DE,2634.6198044360112,767.6834346101658,347.8347142106523,111.47979391211315,2530.853075226707,0.0,1511.6680431290006,0.0,0.0,0.0,0.0,0.0,0.0,0.0,0.0,-2634.8992566526276,-2634.8992566526276,False
2,natural_gas_turbine,electricity,natural_gas,electricity,IT,6261.118955636133,767.6834346101658,347.8347142106523,165.46172661269455,3756.3696965311674,0.0,2243.664037256351,0.0,0.0,0.0,0.0,0.0,0.0,0.0,0.0,-1019.8946535848977,-1019.8946535848977,False
2,photovoltaics,electricity,,electricity,CH,456.43214350563727,417.7243872639223,156.4877267176434,0.34831909219052815,0.0,0.0,0.0,0.0,0.0,0.0,0.0,0.0,0.0,0.0,0.0,-118.12828956811897,-118.12828956811897,False
2,photovoltaics,electricity,,electricity,DE,336.38325638871953,417.7243872639223,156.4877267176434,0.2931160459476749,0.0,0.0,0.0,0.0,0.0,0.0,0.0,0.0,0.0,0.0,0.0,-238.12197363879386,-238.12197363879386,False
2,photovoltaics,electricity,,electricity,IT,707.918713264126,417.7243872639223,156.4877267176434,0.4046368453422913,0.0,0.0,0.0,0.0,0.0,0.0,0.0,0.0,0.0,0.0,0.0,133.30196243721804,133.30196243721804,False
2,reservoir_hydro,electricity,,electricity,CH,1917.8716407186532,2527.0902333594413,745.7962256636653,52.42637980985761,0.0,0.0,0.0,0.0,0.0,0.0,0.0,0.0,0.0,0.0,0.0,-1407.441198114311,-1407.441198114311,False
2,reservoir_hydro,electricity,,electricity,DE,6205.799998384283,2527.0902333594413,745.7962256636653,145.11557367729125,0.0,0.0,0.0,0.0,0.0,0.0,0.0,0.0,0.0,0.0,0.0,2787.797965683885,2787.797965683885,False
2,reservoir_hydro,electricity,,electricity,IT,3480.449180723489,2527.0902333594413,745.7962256636653,85.87534372783772,0.0,0.0,0.0,0.0,0.0,0.0,0.0,0.0,0.0,0.0,0.0,121.68737797254472,121.68737797254472,False
2,run-of-river_hydro,electricity,,electricity,CH,2134.3582660916,2909.4093873055194,702.7895836266008,65.44186765689278,0.0,0.0,0.0,0.0,0.0,0.0,0.0,0.0,0.0,0.0,0.0,-1543.282572497413,-1543.282572497413,False
2,run-of-river_hydro,electricity,,electricity,DE,5532.652265008145,2909.4093873055194,702.7895836266008,170.30861927406747,0.0,0.0,0.0,0.0,0.0,0.0,0.0,0.0,0.0,0.0,0.0,1750.1446748019575,1750.1446748019575,False
2,run-of-river_hydro,electricity,,electricity,IT,3896.5427804631,2909.4093873055194,702.7895836266008,105.73456273345239,0.0,0.0,0.0,0.0,0.0,0.0,0.0,0.0,0.0,0.0,0.0,178.6092467975273,178.6092467975273,False
2,wind_offshore,electricity,,electricity,CH,,,,,,,,0.0,0.0,0.0,0.0,0.0,0.0,0.0,0.0,-1160.3920037847324,-1160.3920037847324,True
2,wind_offshore,electricity,,electricity,DE,1743.6536361507626,2219.7427974311413,643.0093634765298,41.29347902782401,0.0,0.0,0.0,0.0,0.0,0.0,0.0,0.0,0.0,0.0,0.0,-1160.3920037847324,-1160.3920037847324,False
2,wind_offshore,electricity,,electricity,IT,,,,,,,,0.0,0.0,0.0,0.0,0.0,0.0,0.0,0.0,-1160.3920037847324,-1160.3920037847324,True
2,wind_onshore,electricity,,electricity,CH,458.3679004599334,1074.281477031286,290.1357480458177,5.280120382780788,0.0,0.0,0.0,0.0,0.0,0.0,0.0,0.0,0.0,0.0,0.0,-911.329444999951,-911.329444999951,False
2,wind_onshore,electricity,,electricity,DE,1053.5130617006284,1074.281477031286,290.1357480458177,16.185759171726716,0.0,0.0,0.0,0.0,0.0,0.0,0.0,0.0,0.0,0.0,0.0,-327.0899225482019,-327.0899225482019,False
2,wind_onshore,electricity,,electricity,IT,1436.3871545854054,1074.281477031286,290.1357480458177,10.993982560319845,0.0,0.0,0.0,0.0,0.0,0.0,0.0,0.0,0.0,0.0,0.0,60.97594694798189,60.97594694798189,False
3,heat_pump,heat,electricity,heat,CH,1201.8604357390732,808.3482201953414,180.13902569615436,0.0,765.0153164787118,0.0,0.0,0.0,0.0,0.0,0.0,0.0,0.0,0.0,0.0,-551.6421266311344,-551.6421266311344,False
3,heat_pump,heat,electricity,heat,DE,4157.869916533647,808.3482201953414,180.13902569615436,0.0,2961.739897222429,0.0,0.0,0.0,0.0,0.0,0.0,0.0,0.0,0.0,0.0,207.64277341972183,207.64277341972183,False
3,heat_pump,heat,electricity,heat,IT,3939.8301365252937,808.3482201953414,180.13902569615436,0.0,1611.4849490744223,0.0,0.0,0.0,0.0,0.0,0.0,0.0,0.0,0.0,0.0,1339.8579415593758,1339.8579415593758,False
3,natural_gas_boiler,heat,natural_gas,heat,CH,162.10376337252083,482.3187071998131,231.64223794700234,0.0,162.10376069430987,0.0,95.64245341316952,0.0,0.0,0.0,0.0,0.0,0.0,0.0,0.0,-809.6033958817738,-809.6033958817738,False
3,natural_gas_boiler,heat,natural_gas,heat,DE,4411.027729111403,482.3187071998131,231.64223794700234,0.0,1271.0540325784077,0.0,749.9315595908171,0.0,0.0,0.0,0.0,262.4760235771794,19.49724576414966,0.0,0.0,1676.0811917953624,1938.5572153725418,False
3,natural_gas_boiler,heat,natural_gas,heat,IT,4179.712263998691,482.3187071998131,231.64223794700234,0.0,1231.1894405460037,0.0,726.4111467413474,0.0,0.0,0.0,0.0,0.0,0.0,0.0,0.0,1508.1507315645244,1508.1507315645244,False
3,natural_gas_turbine,electricity,natural_gas,electricity,CH,6398.025701956483,760.2542816775629,344.67293707721296,63.60089915733388,1475.3121527335718,0.0,870.4454061884196,0.0,0.0,0.0,0.0,0.0,0.0,0.0,0.0,2883.7400251223826,2883.7400251223826,False
3,natural_gas_turbine,electricity,natural_gas,electricity,DE,11987.506572784812,760.2542816775629,344.67293707721296,169.91311059823386,3941.373161695109,0.0,2325.440182937462,0.0,0.0,0.0,0.0,0.0,0.0,0.0,0.0,4445.852898799231,4445.852898799231,False
3,natural_gas_turbine,electricity,natural_gas,electricity,IT,7716.183890478558,760.2542816775629,344.67293707721296,123.66610178691245,2868.608860563432,0.0,1692.501075108384,0.0,0.0,0.0,0.0,0.0,0.0,0.0,0.0,1926.4806342650538,1926.4806342650538,False
3,photovoltaics,electricity,,electricity,CH,764.8019991071433,384.0669180930933,144.3647610788798,0.326237895996493,0.0,0.0,0.0,0.0,0.0,0.0,0.0,0.0,0.0,0.0,0.0,236.04408203917367,236.04408203917367,False
3,photovoltaics,electricity,,electricity,DE,698.737124056335,384.0669180930933,144.3647610788798,0.27911688479696417,0.0,0.0,0.0,0.0,0.0,0.0,0.0,0.0,0.0,0.0,0.0,170.02632799956493,170.02632799956493,False
3,photovoltaics,electricity,,electricity,IT,395.7948930994685,384.0669180930933,144.3647610788798,0.22413364686925974,0.0,0.0,0.0,0.0,0.0,0.0,0.0,0.0,0.0,0.0,0.0,-132.8609197193739,-132.8609197193739,False
3,reservoir_hydro,electricity,,electricity,CH,2569.5819284798167,2526.8333776843097,745.7338287721759,57.71313472693973,0.0,0.0,0.0,0.0,0.0,0.0,0.0,0.0,0.0,0.0,0.0,-760.6984127036086,-760.6984127036086,False
3,reservoir_hydro,electricity,,electricity,DE,9724.070494338328,2526.8333776843097,745.7338287721759,170.89606997439216,0.0,0.0,0.0,0.0,0.0,0.0,0.0,0.0,0.0,0.0,0.0,6280.60721790745,6280.60721790745,False
3,reservoir_hydro,electricity,,electricity,IT,3501.6635111535106,2526.8333776843097,745.7338287721759,59.41862125333553,0.0,0.0,0.0,0.0,0.0,0.0,0.0,0.0,0.0,0.0,0.0,169.67768344368955,169.67768344368955,False
3,run-of-river_hydro,electricity,,electricity,CH,2871.4719041015724,2902.5165794867,701.3362702509623,69.066653780442,0.0,0.0,0.0,0.0,0.0,0.0,0.0,0.0,0.0,0.0,0.0,-801.4475994165318,-801.4475994165318,False
3,run-of-river_hydro,electricity,,electricity,DE,10238.066623725863,2902.5165794867,701.3362702509623,196.25353234655,0.0,0.0,0.0,0.0,0.0,0.0,0.0,0.0,0.0,0.0,0.0,6437.960241641651,6437.960241641651,False
3,run-of-river_hydro,electricity,,electricity,IT,3990.846223823493,2902.5165794867,701.3362702509623,83.44780087352753,0.0,0.0,0.0,0.0,0.0,0.0,0.0,0.0,0.0,0.0,0.0,303.5455732123032,303.5455732123032,False
3,wind_offshore,electricity,,electricity,CH,,,,,,,,0.0,0.0,0.0,0.0,0.0,0.0,0.0,0.0,1032.0419238300683,1032.0419238300683,True
3,wind_offshore,electricity,,electricity,DE,3828.2494580327316,2133.0038565908767,612.9328485170555,50.2708290947311,0.0,0.0,0.0,0.0,0.0,0.0,0.0,0.0,0.0,0.0,0.0,1032.0419238300683,1032.0419238300683,False
3,wind_offshore,electricity,,electricity,IT,,,,,,,,0.0,0.0,0.0,0.0,0.0,0.0,0.0,0.0,1032.0419238300683,1032.0419238300683,True
3,wind_onshore,electricity,,electricity,CH,610.0291089333655,1040.578060217373,282.0283309857546,5.117306716671317,0.0,0.0,0.0,0.0,0.0,0.0,0.0,0.0,0.0,0.0,0.0,-717.6945889864334,-717.6945889864334,False
3,wind_onshore,electricity,,electricity,DE,2278.013299764592,1040.578060217373,282.0283309857546,17.055803382723866,0.0,0.0,0.0,0.0,0.0,0.0,0.0,0.0,0.0,0.0,0.0,938.3511051787406,938.3511051787406,False
3,wind_onshore,electricity,,electricity,IT,1656.0659126110554,1040.578060217373,282.0283309857546,7.811315463724674,0.0,0.0,0.0,0.0,0.0,0.0,0.0,0.0,0.0,0.0,0.0,325.6482059442032,325.6482059442032,False
4,heat_pump,heat,electricity,heat,CH,786.8713758180639,785.5660111301636,177.84442070027805,0.0,477.68657419011197,0.0,0.0,0.0,0.0,0.0,0.0,0.0,0.0,0.0,0.0,-654.2256302024897,-654.2256302024897,False
4,heat_pump,heat,electricity,heat,DE,1210.6412310528458,785.5660111301636,177.84442070027805,0.0,633.8045509385727,0.0,0.0,0.0,0.0,0.0,0.0,0.0,0.0,0.0,0.0,-386.57375171616854,-386.57375171616854,False
4,heat_pump,heat,electricity,heat,IT,830.4832055181387,785.5660111301636,177.84442070027805,0.0,769.594307259022,0.0,0.0,0.0,0.0,0.0,0.0,0.0,0.0,0.0,0.0,-902.521533571325,-902.521533571325,False
4,natural_gas_boiler,heat,natural_gas,heat,CH,168.6017352897171,480.7465836402871,230.57003921540192,0.0,168.6017352379273,0.0,98.44628279936751,0.0,0.0,0.0,0.0,0.0,0.0,0.0,0.0,-809.7629056032667,-809.7629056032667,False
4,natural_gas_boiler,heat,natural_gas,heat,DE,311.36313323968983,480.7465836402871,230.57003921540192,0.0,311.36313323901925,0.0,181.80443412877997,0.0,0.0,0.0,0.0,63.63154654387175,4.726678972085209,0.0,0.0,-893.1210569837983,-829.4895104399266,False
4,natural_gas_boiler,heat,natural_gas,heat,IT,548.4964669767273,480.7465836402871,230.57003921540192,0.0,251.18103945030623,0.0,146.66420608674736,0.0,0.0,0.0,0.0,0.0,0.0,0.0,0.0,-560.6654014160154,-560.6654014160154,False
4,natural_gas_turbine,electricity,natural_gas,electricity,CH,3584.506712537506,753.5090866014535,341.8216547149446,93.23637131889541,2203.9213276489318,0.0,1286.8661285286892,0.0,0.0,0.0,0.0,0.0,0.0,0.0,0.0,-1094.8478562754083,-1094.8478562754083,False
4,natural_gas_turbine,electricity,natural_gas,electricity,DE,1862.744693025063,753.5090866014535,341.8216547149446,75.81745127835363,1792.172899018079,0.0,1046.4468814190584,0.0,0.0,0.0,0.0,0.0,0.0,0.0,0.0,-2147.023280006826,-2147.023280006826,False
4,natural_gas_turbine,electricity,natural_gas,electricity,IT,6667.380886393202,753.5090866014535,341.8216547149446,195.0615586130527,4610.8650857013545,0.0,2692.2767285590344,0.0,0.0,0.0,0.0,0.0,0.0,0.0,0.0,-1926.153227796638,-1926.153227796638,False
4,photovoltaics,electricity,,electricity,CH,280.59538307958235,359.72959474310306,133.51850202227496,0.2498559774581514,0.0,0.0,0.0,0.0,0.0,0.0,0.0,0.0,0.0,0.0,0.0,-212.90256966325381,-212.90256966325381,False
4,photovoltaics,electricity,,electricity,DE,335.28484523382616,359.72959474310306,133.51850202227496,0.2617900161295622,0.0,0.0,0.0,0.0,0.0,0.0,0.0,0.0,0.0,0.0,0.0,-158.22504154768143,-158.22504154768143,False
4,photovoltaics,electricity,,electricity,IT,272.5454759922315,359.72959474310306,133.51850202227496,0.2657483902011834,0.0,0.0,0.0,0.0,0.0,0.0,0.0,0.0,0.0,0.0,0.0,-220.96836916334772,-220.96836916334772,False
4,reservoir_hydro,electricity,,electricity,CH,1959.1886307940488,2526.4275599863786,745.6352451498781,46.00751680533267,0.0,0.0,0.0,0.0,0.0,0.0,0.0,0.0,0.0,0.0,0.0,-1358.8816911475406,-1358.8816911475406,False
4,reservoir_hydro,electricity,,electricity,DE,6329.032635249041,2526.4275599863786,745.6352451498781,142.24268343883304,0.0,0.0,0.0,0.0,0.0,0.0,0.0,0.0,0.0,0.0,0.0,2914.7271466739517,2914.7271466739517,False
4,reservoir_hydro,electricity,,electricity,IT,3293.4478675077876,2526.4275599863786,745.6352451498781,63.73874994692179,0.0,0.0,0.0,0.0,0.0,0.0,0.0,0.0,0.0,0.0,0.0,-42.35368757539087,-42.35368757539087,False
4,run-of-river_hydro,electricity,,electricity,CH,2181.3885419295852,2894.4401876625816,699.6107033659733,58.03440350374482,0.0,0.0,0.0,0.0,0.0,0.0,0.0,0.0,0.0,0.0,0.0,-1470.6967526027145,-1470.6967526027145,False
4,run-of-river_hydro,electricity,,electricity,DE,5654.072461857245,2894.4401876625816,699.6107033659733,170.6144882427647,0.0,0.0,0.0,0.0,0.0,0.0,0.0,0.0,0.0,0.0,0.0,1889.4070825859253,1889.4070825859253,False
4,run-of-river_hydro,electricity,,electricity,IT,3621.202375353244,2894.4401876625816,699.6107033659733,90.09896518901051,0.0,0.0,0.0,0.0,0.0,0.0,0.0,0.0,0.0,0.0,0.0,-62.94748086432149,-62.94748086432149,False
4,wind_offshore,electricity,,electricity,CH,,,,,,,,0.0,0.0,0.0,0.0,0.0,0.0,0.0,0.0,-873.5753518296433,-873.5753518296433,True
4,wind_offshore,electricity,,electricity,DE,1808.5130336605293,2055.792907915607,587.148760582568,39.14671699199771,0.0,0.0,0.0,0.0,0.0,0.0,0.0,0.0,0.0,0.0,0.0,-873.5753518296433,-873.5753518296433,False
4,wind_offshore,electricity,,electricity,IT,,,,,,,,0.0,0.0,0.0,0.0,0.0,0.0,0.0,0.0,-873.5753518296433,-873.5753518296433,True
4,wind_onshore,electricity,,electricity,CH,517.6574025238721,1009.0506651979704,274.332160600688,4.355127555471076,0.0,0.0,0.0,0.0,0.0,0.0,0.0,0.0,0.0,0.0,0.0,-770.0805508302574,-770.0805508302574,False
4,wind_onshore,electricity,,electricity,DE,1090.1021548488268,1009.0506651979704,274.332160600688,14.925387088361523,0.0,0.0,0.0,0.0,0.0,0.0,0.0,0.0,0.0,0.0,0.0,-208.2060580381931,-208.2060580381931,False
4,wind_onshore,electricity,,electricity,IT,1151.311006924116,1009.0506651979704,274.332160600688,8.469872701227557,0.0,0.0,0.0,0.0,0.0,0.0,0.0,0.0,0.0,0.0,0.0,-140.54169157576982,-140.54169157576982,False
5,heat_pump,heat,electricity,heat,CH,661.7384695088864,761.9818149618309,175.54822556611418,0.0,459.91768927584025,0.0,0.0,0.0,0.0,0.0,0.0,0.0,0.0,0.0,0.0,-735.709260294899,-735.709260294899,False
5,heat_pump,heat,electricity,heat,DE,1223.5314836070559,761.9818149618309,175.54822556611418,0.0,728.9281951390649,0.0,0.0,0.0,0.0,0.0,0.0,0.0,0.0,0.0,0.0,-442.9267520599541,-442.9267520599541,False
5,heat_pump,heat,electricity,heat,IT,1366.5735099798655,761.9818149618309,175.54822556611418,0.0,895.4261549862056,0.0,0.0,0.0,0.0,0.0,0.0,0.0,0.0,0.0,0.0,-466.3826855342851,-466.3826855342851,False
5,natural_gas_boiler,heat,natural_gas,heat,CH,180.61636545058735,479.2128905386196,228.97136558267334,0.0,180.61636593528766,0.0,104.35053834522117,0.0,0.0,0.0,0.0,0.0,0.0,0.0,0.0,-812.5347949512143,-812.5347949512143,False
5,natural_gas_boiler,heat,natural_gas,heat,DE,321.3186190579463,479.2128905386196,228.97136558267334,0.0,321.31861905637265,0.0,185.64082332737243,0.0,0.0,0.0,0.0,64.97428264940439,4.826420104586285,0.0,0.0,-893.8250794470918,-828.8507967976874,False
5,natural_gas_boiler,heat,natural_gas,heat,IT,975.2307444184113,479.2128905386196,228.97136558267334,0.0,633.2728307493795,0.0,365.8713897043605,0.0,0.0,0.0,0.0,0.0,0.0,0.0,0.0,-732.0977321566218,-732.0977321566218,False
5,natural_gas_turbine,electricity,natural_gas,electricity,CH,4026.025783333492,747.9305975322243,339.53125987694534,86.12512584059004,2071.7591662031923,0.0,1196.9523536493803,0.0,0.0,0.0,0.0,0.0,0.0,0.0,0.0,-416.27271976884003,-416.27271976884003,False
5,natural_gas_turbine,electricity,natural_gas,electricity,DE,2668.98269811179,747.9305975322243,339.53125987694534,106.81897408429413,2569.554314426156,0.0,1484.5519376222503,0.0,0.0,0.0,0.0,0.0,0.0,0.0,0.0,-2579.40438543008,-2579.40438543008,False
5,natural_gas_turbine,electricity,natural_gas,electricity,IT,6495.676890071923,747.9305975322243,339.53125987694534,177.64997839562184,4273.409966314463,0.0,2468.9491909710086,0.0,0.0,0.0,0.0,0.0,0.0,0.0,0.0,-1511.7941030183401,-1511.7941030183401,False
5,photovoltaics,electricity,,electricity,CH,351.13957272870346,341.9455870076464,125.61260768666024,0.2711478030807289,0.0,0.0,0.0,0.0,0.0,0.0,0.0,0.0,0.0,0.0,0.0,-116.6897697686839,-116.6897697686839,False
5,photovoltaics,electricity,,electricity,DE,460.26031354779155,341.9455870076464,125.61260768666024,0.2596005101040303,0.0,0.0,0.0,0.0,0.0,0.0,0.0,0.0,0.0,0.0,0.0,-7.557481656619111,-7.557481656619111,False
5,photovoltaics,electricity,,electricity,IT,380.2550526766861,341.9455870076464,125.61260768666024,0.2852375191722059,0.0,0.0,0.0,0.0,0.0,0.0,0.0,0.0,0.0,0.0,0.0,-87.58837953679274,-87.58837953679274,False
5,reservoir_hydro,electricity,,electricity,CH,2125.697710501034,2525.786998729786,745.4796362414927,47.10658574687102,0.0,0.0,0.0,0.0,0.0,0.0,0.0,0.0,0.0,0.0,0.0,-1192.6755102171155,-1192.6755102171155,False
5,reservoir_hydro,electricity,,electricity,DE,7123.909275191228,2525.786998729786,745.4796362414927,168.6173648040197,0.0,0.0,0.0,0.0,0.0,0.0,0.0,0.0,0.0,0.0,0.0,3684.0252754159287,3684.0252754159287,False
5,reservoir_hydro,electricity,,electricity,IT,3509.831229942049,2525.786998729786,745.4796362414927,66.14042924092148,0.0,0.0,0.0,0.0,0.0,0.0,0.0,0.0,0.0,0.0,0.0,172.424165729849,172.424165729849,False
5,run-of-river_hydro,electricity,,electricity,CH,2366.7320194735717,2885.512994852113,697.6896353016737,61.16914160500323,0.0,0.0,0.0,0.0,0.0,0.0,0.0,0.0,0.0,0.0,0.0,-1277.6397522852183,-1277.6397522852183,False
5,run-of-river_hydro,electricity,,electricity,DE,6442.995224570091,2885.512994852113,697.6896353016737,195.89313985557223,0.0,0.0,0.0,0.0,0.0,0.0,0.0,0.0,0.0,0.0,0.0,2663.8994545607316,2663.8994545607316,False
5,run-of-river_hydro,electricity,,electricity,IT,3862.2107506994757,2885.512994852113,697.6896353016737,92.26420172464081,0.0,0.0,0.0,0.0,0.0,0.0,0.0,0.0,0.0,0.0,0.0,186.74391882104823,186.74391882104823,False
5,wind_offshore,electricity,,electricity,CH,,,,,,,,0.0,0.0,0.0,0.0,0.0,0.0,0.0,0.0,-233.97930098671617,-233.97930098671617,True
5,wind_offshore,electricity,,electricity,DE,2379.8490233560506,1998.3248985374532,569.5397292346906,45.963696570622844,0.0,0.0,0.0,0.0,0.0,0.0,0.0,0.0,0.0,0.0,0.0,-233.97930098671617,-233.97930098671617,False
5,wind_offshore,electricity,,electricity,IT,,,,,,,,0.0,0.0,0.0,0.0,0.0,0.0,0.0,0.0,-233.97930098671617,-233.97930098671617,True
5,wind_onshore,electricity,,electricity,CH,365.6449535214948,982.8459145456936,267.7086293871924,2.810097029620904,0.0,0.0,0.0,0.0,0.0,0.0,0.0,0.0,0.0,0.0,0.0,-887.7196874410122,-887.7196874410122,False
5,wind_onshore,electricity,,electricity,DE,1432.3657555041066,982.8459145456936,267.7086293871924,16.020661339985907,0.0,0.0,0.0,0.0,0.0,0.0,0.0,0.0,0.0,0.0,0.0,165.79055023123465,165.79055023123465,False
5,wind_onshore,electricity,,electricity,IT,1225.1791824851655,982.8459145456936,267.7086293871924,8.559114480486535,0.0,0.0,0.0,0.0,0.0,0.0,0.0,0.0,0.0,0.0,0.0,-33.93447592820707,-33.93447592820707,False
6,heat_pump,heat,electricity,heat,CH,641.0971403566941,737.5956316903432,173.25044029366276,0.0,401.8893911351247,0.0,0.0,0.0,0.0,0.0,0.0,0.0,0.0,0.0,0.0,-671.6383227624366,-671.6383227624366,False
6,heat_pump,heat,electricity,heat,DE,1237.2127276823412,737.5956316903432,173.25044029366276,0.0,654.0418447397336,0.0,0.0,0.0,0.0,0.0,0.0,0.0,0.0,0.0,0.0,-327.6751890413984,-327.6751890413984,False
6,heat_pump,heat,electricity,heat,IT,2682.075174689736,737.5956316903432,173.25044029366276,0.0,802.7019094424502,0.0,0.0,0.0,0.0,0.0,0.0,0.0,0.0,0.0,0.0,968.5271932632797,968.5271932632797,False
6,natural_gas_boiler,heat,natural_gas,heat,CH,184.6181649053794,477.7176278948105,226.8462170488167,0.0,184.6181649049173,0.0,105.48307791525926,0.0,0.0,0.0,0.0,0.0,0.0,0.0,0.0,-810.0469228584244,-810.0469228584244,False
6,natural_gas_boiler,heat,natural_gas,heat,DE,345.48319941343897,477.7176278948105,226.8462170488167,0.0,345.48319941289424,0.0,197.3946131506833,0.0,0.0,0.0,0.0,69.08810873837157,5.132003362037529,0.0,0.0,-901.9584580937658,-832.8703493553942,False
6,natural_gas_boiler,heat,natural_gas,heat,IT,2845.3771123375277,477.7176278948105,226.8462170488167,0.0,1271.3763714904135,0.0,726.4111466087226,0.0,0.0,0.0,0.0,0.0,0.0,0.0,0.0,143.02574929476475,143.02574929476475,False
6,natural_gas_turbine,electricity,natural_gas,electricity,CH,2790.3050946338058,743.5732601688753,337.810848807511,73.53112570794723,1798.094374690314,0.0,1027.3557270045944,0.0,0.0,0.0,0.0,0.0,0.0,0.0,0.0,-1190.0602417454363,-1190.0602417454363,False
6,natural_gas_turbine,electricity,natural_gas,electricity,DE,2132.7716248173515,743.5732601688753,337.810848807511,84.01923560172246,2054.565511500971,0.0,1173.8925800866486,0.0,0.0,0.0,0.0,0.0,0.0,0.0,0.0,-2261.0898113483768,-2261.0898113483768,False
6,natural_gas_turbine,electricity,natural_gas,electricity,IT,4797.045620331181,743.5732601688753,337.810848807511,149.8516780983851,3664.400032402057,0.0,2093.684520852996,0.0,0.0,0.0,0.0,0.0,0.0,0.0,0.0,-2192.2747199986425,-2192.2747199986425,False
6,photovoltaics,electricity,,electricity,CH,295.45784567076373,328.3511227244454,120.40135376606985,0.2818653612576694,0.0,0.0,0.0,0.0,0.0,0.0,0.0,0.0,0.0,0.0,0.0,-153.57649618100922,-153.57649618100922,False
6,photovoltaics,electricity,,electricity,DE,379.5236838998557,328.3511227244454,120.40135376606985,0.2558205463512473,0.0,0.0,0.0,0.0,0.0,0.0,0.0,0.0,0.0,0.0,0.0,-69.4846131370108,-69.4846131370108,False
6,photovoltaics,electricity,,electricity,IT,296.72681681856363,328.3511227244454,120.40135376606985,0.281445262240732,0.0,0.0,0.0,0.0,0.0,0.0,0.0,0.0,0.0,0.0,0.0,-152.30710493419238,-152.30710493419238,False
6,reservoir_hydro,electricity,,electricity,CH,1963.6366429410357,2524.790964402261,745.2376737237388,48.03140219337236,0.0,0.0,0.0,0.0,0.0,0.0,0.0,0.0,0.0,0.0,0.0,-1354.4233973783366,-1354.4233973783366,False
6,reservoir_hydro,electricity,,electricity,DE,6532.746727995595,2524.790964402261,745.2376737237388,153.4498611505564,0.0,0.0,0.0,0.0,0.0,0.0,0.0,0.0,0.0,0.0,0.0,3109.268228719039,3109.268228719039,False
6,reservoir_hydro,electricity,,electricity,IT,3108.852858432343,2524.790964402261,745.2376737237388,66.85653890526797,0.0,0.0,0.0,0.0,0.0,0.0,0.0,0.0,0.0,0.0,0.0,-228.03231859892483,-228.03231859892483,False
6,run-of-river_hydro,electricity,,electricity,CH,2183.8525116955543,2876.205552496001,695.6813044936022,59.04808479018372,0.0,0.0,0.0,0.0,0.0,0.0,0.0,0.0,0.0,0.0,0.0,-1447.0824300842326,-1447.0824300842326,False
6,run-of-river_hydro,electricity,,electricity,DE,5820.63390890647,2876.205552496001,695.6813044936022,171.89686137014434,0.0,0.0,0.0,0.0,0.0,0.0,0.0,0.0,0.0,0.0,0.0,2076.850190546723,2076.850190546723,False
6,run-of-river_hydro,electricity,,electricity,IT,3434.5175042639253,2876.205552496001,695.6813044936022,90.70314115891878,0.0,0.0,0.0,0.0,0.0,0.0,0.0,0.0,0.0,0.0,0.0,-228.0724938845967,-228.0724938845967,False
6,wind_offshore,electricity,,electricity,CH,,,,,,,,0.0,0.0,0.0,0.0,0.0,0.0,0.0,0.0,-710.8340384813861,-710.8340384813861,True
6,wind_offshore,electricity,,electricity,DE,1841.1275660170743,1959.3705332599725,559.5381672161473,33.05290402234065,0.0,0.0,0.0,0.0,0.0,0.0,0.0,0.0,0.0,0.0,0.0,-710.8340384813861,-710.8340384813861,False
6,wind_offshore,electricity,,electricity,IT,,,,,,,,0.0,0.0,0.0,0.0,0.0,0.0,0.0,0.0,-710.8340384813861,-710.8340384813861,True
6,wind_onshore,electricity,,electricity,CH,287.6930767897658,962.2075310614366,262.25295597895513,2.7062151950802753,0.0,0.0,0.0,0.0,0.0,0.0,0.0,0.0,0.0,0.0,0.0,-939.4736254457061,-939.4736254457061,False
6,wind_onshore,electricity,,electricity,DE,1103.7979132170806,962.2075310614366,262.25295597895513,14.71650475362008,0.0,0.0,0.0,0.0,0.0,0.0,0.0,0.0,0.0,0.0,0.0,-135.37907857693125,-135.37907857693125,False
6,wind_onshore,electricity,,electricity,IT,1032.9912996329301,962.2075310614366,262.25295597895513,8.56783270186667,0.0,0.0,0.0,0.0,0.0,0.0,0.0,0.0,0.0,0.0,0.0,-200.0370201093283,-200.0370201093283,False
7,heat_pump,heat,electricity,heat,CH,3090.2665153304374,715.6154097283204,170.95265502121134,0.0,894.0446440908668,0.0,0.0,0.0,0.0,0.0,0.0,0.0,0.0,0.0,0.0,1309.6538064900392,1309.6538064900392,False
7,heat_pump,heat,electricity,heat,DE,835.0550680032266,715.6154097283204,170.95265502121134,0.0,453.7157894809869,0.0,0.0,0.0,0.0,0.0,0.0,0.0,0.0,0.0,0.0,-505.2287862272921,-505.2287862272921,False
7,heat_pump,heat,electricity,heat,IT,435.5983215082453,715.6154097283204,170.95265502121134,0.0,435.59832150761207,0.0,0.0,0.0,0.0,0.0,0.0,0.0,0.0,0.0,0.0,-886.5680647488985,-886.5680647488985,False
7,natural_gas_boiler,heat,natural_gas,heat,CH,4563.991494064092,476.2223652510014,224.72106851496008,0.0,1501.6372256471916,0.0,790.9592313489596,0.0,0.0,0.0,0.0,0.0,0.0,0.0,0.0,1570.4516033019786,1570.4516033019786,False
7,natural_gas_boiler,heat,natural_gas,heat,DE,530.5950744783873,476.2223652510014,224.72106851496008,0.0,530.5950744803298,0.0,279.48099920508486,0.0,0.0,0.0,0.0,97.81834141871973,7.2661427009217165,0.0,0.0,-980.4244329729888,-882.6060915542691,False
7,natural_gas_boiler,heat,natural_gas,heat,IT,624.3318524702718,476.2223652510014,224.72106851496008,0.0,312.3150586125418,0.0,164.50609673180708,0.0,0.0,0.0,0.0,0.0,0.0,0.0,0.0,-553.4327366400387,-553.4327366400387,False
7,natural_gas_turbine,electricity,natural_gas,electricity,CH,5682.227310145093,740.06321775902,336.42822124213393,128.949606268899,3435.332304951797,0.0,1809.4968298201748,0.0,0.0,0.0,0.0,0.0,0.0,0.0,0.0,-768.0428698969313,-768.0428698969313,False
7,natural_gas_turbine,electricity,natural_gas,electricity,DE,3041.112232558947,740.06321775902,336.42822124213393,110.02222460969854,2931.090007956998,0.0,1543.896661660683,0.0,0.0,0.0,0.0,0.0,0.0,0.0,0.0,-2620.3881006695865,-2620.3881006695865,False
7,natural_gas_turbine,electricity,natural_gas,electricity,IT,7591.894652479764,740.06321775902,336.42822124213393,191.7836772451594,5109.287892114579,0.0,2691.221524652853,0.0,0.0,0.0,0.0,0.0,0.0,0.0,0.0,-1476.8898805339813,-1476.8898805339813,False
7,photovoltaics,electricity,,electricity,CH,441.15126076507005,316.98548777525,115.7296335097412,0.28916193370513427,0.0,0.0,0.0,0.0,0.0,0.0,0.0,0.0,0.0,0.0,0.0,8.146977546373687,8.146977546373687,False
7,photovoltaics,electricity,,electricity,DE,668.6848096100754,316.98548777525,115.7296335097412,0.25384200936939266,0.0,0.0,0.0,0.0,0.0,0.0,0.0,0.0,0.0,0.0,0.0,235.71584631571477,235.71584631571477,False
7,photovoltaics,electricity,,electricity,IT,521.1330604146158,316.98548777525,115.7296335097412,0.30637944960621466,0.0,0.0,0.0,0.0,0.0,0.0,0.0,0.0,0.0,0.0,0.0,88.11155968001835,88.11155968001835,False
7,reservoir_hydro,electricity,,electricity,CH,2469.653735511397,2523.2837795151254,744.871539505335,51.94773077831307,0.0,0.0,0.0,0.0,0.0,0.0,0.0,0.0,0.0,0.0,0.0,-850.4493142873765,-850.4493142873765,False
7,reservoir_hydro,electricity,,electricity,DE,8162.059993707456,2523.2837795151254,744.871539505335,161.46675367576762,0.0,0.0,0.0,0.0,0.0,0.0,0.0,0.0,0.0,0.0,0.0,4732.437921011227,4732.437921011227,False
7,reservoir_hydro,electricity,,electricity,IT,4034.7490738964507,2523.2837795151254,744.871539505335,73.0427012251125,0.0,0.0,0.0,0.0,0.0,0.0,0.0,0.0,0.0,0.0,0.0,693.5510536508777,693.5510536508777,False
7,run-of-river_hydro,electricity,,electricity,CH,2734.6883204742976,2867.12618045671,693.7254354827967,63.59147912595172,0.0,0.0,0.0,0.0,0.0,0.0,0.0,0.0,0.0,0.0,0.0,-889.7547745911606,-889.7547745911606,False
7,run-of-river_hydro,electricity,,electricity,DE,6968.603145949565,2867.12618045671,693.7254354827967,185.50308307287347,0.0,0.0,0.0,0.0,0.0,0.0,0.0,0.0,0.0,0.0,0.0,3222.2484469371852,3222.2484469371852,False
7,run-of-river_hydro,electricity,,electricity,IT,4428.386327049797,2867.12618045671,693.7254354827967,96.42157546811522,0.0,0.0,0.0,0.0,0.0,0.0,0.0,0.0,0.0,0.0,0.0,771.1131356421752,771.1131356421752,False
7,wind_offshore,electricity,,electricity,CH,,,,,,,,0.0,0.0,0.0,0.0,0.0,0.0,0.0,0.0,-384.6554046767393,-384.6554046767393,True
7,wind_offshore,electricity,,electricity,DE,2130.030924378945,1926.2562745581545,552.1262704507607,36.30378404676934,0.0,0.0,0.0,0.0,0.0,0.0,0.0,0.0,0.0,0.0,0.0,-384.6554046767393,-384.6554046767393,False
7,wind_offshore,electricity,,electricity,IT,,,,,,,,0.0,0.0,0.0,0.0,0.0,0.0,0.0,0.0,-384.6554046767393,-384.6554046767393,True
7,wind_onshore,electricity,,electricity,CH,400.31417822749063,944.4763377743712,257.49418514677546,2.72777234733897,0.0,0.0,0.0,0.0,0.0,0.0,0.0,0.0,0.0,0.0,0.0,-804.3841170409951,-804.3841170409951,False
7,wind_onshore,electricity,,electricity,DE,1274.3295356228443,944.4763377743712,257.49418514677546,15.246672813554918,0.0,0.0,0.0,0.0,0.0,0.0,0.0,0.0,0.0,0.0,0.0,57.11233988814271,57.11233988814271,False
7,wind_onshore,electricity,,electricity,IT,1381.6638478381387,944.4763377743712,257.49418514677546,8.870401285534143,0.0,0.0,0.0,0.0,0.0,0.0,0.0,0.0,0.0,0.0,0.0,170.82292363145788,170.82292363145788,False
